dist_code,district,state,exposure,resilience,flood_flag,n_obs,irr_share,kharif_normal,rain_cv,banks_per_lakh,risk_region,beta,systematic_share
1,Durg,Chhattisgarh,0.2422,40.7,False,45.0,0.3276,1096.0,0.2406,4.8338,,,
2,Bastar,Chhattisgarh,0.1377,33.6,False,46.0,0.0591,1237.0,0.1821,3.8771,,,
3,Raipur,Chhattisgarh,0.2864,49.3,False,46.0,0.5215,1229.0,0.2137,4.6271,,,
4,Bilaspur,Chhattisgarh,0.216,39.2,False,46.0,0.4463,1153.0,0.1624,4.0237,,,
5,Raigarh,Chhattisgarh,0.0679,72.4,False,46.0,0.1349,1492.0,0.1835,5.0093,,,
6,Surguja,Chhattisgarh,0.2131,27.6,False,45.0,0.1001,1267.0,0.2516,4.9302,,,
7,Jabalpur,Madhya Pradesh,0.3944,54.1,False,47.0,0.49,1288.0,0.2712,6.1779,F1,0.0324,0.399
8,Balaghat,Madhya Pradesh,0.187,32.8,False,47.0,0.4842,1275.0,0.2308,4.7012,F1,0.0266,0.3545
9,Chhindwara,Madhya Pradesh,0.1872,35.1,False,47.0,0.3463,936.0,0.2431,5.1014,F1,0.0165,0.0945
10,Narsinghpur,Madhya Pradesh,0.1255,36.9,False,47.0,0.6705,1510.0,0.2635,5.709,F3,0.0094,0.1035
11,Seoni / Shivani,Madhya Pradesh,0.1169,41.8,False,47.0,0.3798,1225.0,0.2351,4.4714,F1,0.0326,0.4902
12,Mandla,Madhya Pradesh,0.2272,25.0,False,47.0,0.0748,1246.0,0.2105,4.1112,F1,0.0257,0.2338
13,Sagar,Madhya Pradesh,0.1436,48.1,False,47.0,0.5184,1255.0,0.2905,4.4847,F1,0.0101,0.1355
14,Damoh,Madhya Pradesh,0.1039,50.4,False,47.0,0.4172,1083.0,0.3078,4.4296,F1,0.0121,0.2259
15,Tikamgarh,Madhya Pradesh,0.4886,2.6,False,46.0,0.6581,993.0,0.3222,3.8519,F1,0.0248,0.1709
16,Chhatarpur,Madhya Pradesh,0.3491,15.7,False,47.0,0.5194,942.0,0.3039,3.9908,F1,0.0266,0.3212
17,Panna,Madhya Pradesh,0.306,18.7,False,47.0,0.3938,1039.0,0.3439,3.6399,F1,0.0316,0.5186
18,Rewa,Madhya Pradesh,0.2987,30.6,False,45.0,0.2789,976.0,0.2515,4.4114,F1,0.0303,0.3235
19,Sidhi,Madhya Pradesh,0.3152,30.2,False,47.0,0.2003,1037.0,0.2575,3.4992,F1,0.0262,0.3399
20,Satna,Madhya Pradesh,0.3784,29.1,False,47.0,0.4152,978.0,0.2787,5.0846,F1,0.0338,0.3133
21,Shahdol,Madhya Pradesh,0.1914,63.1,False,44.0,0.2929,1161.0,0.3516,4.2546,,,
22,Gwalior,Madhya Pradesh,0.2222,45.5,False,47.0,0.5975,809.0,0.253,6.6108,F1,0.0179,0.2008
23,Shivpuri,Madhya Pradesh,0.4186,5.6,False,47.0,0.5361,1073.0,0.2729,3.341,F1,0.0178,0.1948
24,Guna,Madhya Pradesh,0.2556,12.7,False,47.0,0.7925,1115.0,0.3123,4.0896,F1,0.0122,0.1453
25,Datia,Madhya Pradesh,0.2923,10.8,False,44.0,0.8532,876.0,0.3391,4.9571,,,
26,Morena,Madhya Pradesh,0.1419,28.7,False,44.0,0.734,839.0,0.3063,2.9391,,,
27,Bhind,Madhya Pradesh,0.1116,36.2,False,46.0,0.4494,1016.0,0.3336,3.1121,F1,0.0159,0.2342
28,Indore,Madhya Pradesh,0.2254,60.1,False,47.0,0.7018,951.0,0.2943,8.5452,F3,0.029,0.3833
29,Ratlam,Madhya Pradesh,0.3055,19.4,False,47.0,0.4796,988.0,0.3267,5.4293,F3,0.0258,0.3146
30,Ujjain,Madhya Pradesh,0.3481,14.9,False,47.0,0.5945,996.0,0.3359,6.2746,F3,0.0285,0.2674
31,Mandsaur,Madhya Pradesh,0.2159,19.0,False,43.0,0.5466,892.0,0.2925,4.9235,,,
32,Dewas,Madhya Pradesh,0.1116,41.0,False,46.0,0.5909,976.0,0.2687,5.3931,F3,0.0148,0.2206
33,Dhar,Madhya Pradesh,0.2991,12.3,False,46.0,0.6291,840.0,0.2958,5.063,F2,0.0206,0.4272
34,Jhabua,Madhya Pradesh,0.47,2.2,False,45.0,0.2267,716.0,0.3601,2.9266,F1,0.0308,0.3406
35,Khargone / West Nimar,Madhya Pradesh,0.25,16.4,False,47.0,0.5098,798.0,0.2467,3.6004,F1,0.0224,0.2896
36,Khandwa / East Nimar,Madhya Pradesh,0.0761,53.7,False,47.0,0.6164,855.0,0.3038,4.9003,F1,0.0165,0.2735
37,Sehore,Madhya Pradesh,0.0532,52.6,False,46.0,0.687,1068.0,0.2898,7.7033,F3,0.0131,0.2443
38,Raisen,Madhya Pradesh,0.1565,39.9,False,46.0,0.6623,1455.0,0.2278,4.606,,,
39,Vidisha,Madhya Pradesh,0.1198,47.4,False,45.0,0.5895,1212.0,0.2572,4.4783,F1,0.0006,0.0005
40,Betul,Madhya Pradesh,0.0408,67.2,False,47.0,0.3389,994.0,0.269,4.2318,F1,0.0166,0.1669
41,Rajgarh,Madhya Pradesh,0.2472,13.1,False,47.0,0.5842,1063.0,0.323,4.6793,F1,0.0104,0.0703
42,Shajapur,Madhya Pradesh,0.2594,7.5,False,46.0,0.5429,1023.0,0.3065,4.319,F3,0.0139,0.168
43,Hoshangabad,Madhya Pradesh,-0.008,93.7,True,47.0,0.9433,1280.0,0.2696,5.6665,F3,0.0103,0.1206
44,Srikakulam,Andhra Pradesh,0.294,11.9,False,50.0,0.5679,699.0,0.1784,8.891,F2,0.0281,0.3291
45,Visakhapatnam,Andhra Pradesh,0.258,42.9,False,50.0,0.4088,509.0,0.2109,10.902,F2,0.0196,0.2922
46,East Godavari,Andhra Pradesh,0.0472,67.9,False,50.0,0.6674,608.0,0.2593,9.8752,F5,-0.0017,0.0044
47,West Godavari,Andhra Pradesh,0.0508,62.7,False,50.0,0.8358,731.0,0.2763,10.6032,F5,0.001,0.0015
48,Krishna,Andhra Pradesh,0.0511,67.5,False,50.0,0.6429,585.0,0.3033,12.0374,F4,0.0072,0.1006
49,Guntur,Andhra Pradesh,0.0669,60.8,False,50.0,0.5354,468.0,0.2733,10.5433,F4,0.0047,0.0307
50,S.P.S. Nellore,Andhra Pradesh,0.002,90.3,False,50.0,0.5697,294.0,0.3363,11.0782,F5,-0.0026,0.0149
51,Kurnool,Andhra Pradesh,0.1483,45.9,False,50.0,0.2514,431.0,0.2933,8.7399,F3,0.0063,0.0255
52,Ananthapur,Andhra Pradesh,0.2964,21.6,False,50.0,0.1266,272.0,0.3356,9.0416,F3,0.0115,0.019
53,Kadapa YSR,Andhra Pradesh,0.2279,38.8,False,50.0,0.4002,455.0,0.3134,10.5773,F3,0.0073,0.0124
54,Chittoor,Andhra Pradesh,0.2179,50.0,False,50.0,0.4135,328.0,0.2587,9.8625,F3,0.0115,0.0914
55,Hyderabad,Telangana,0.1263,91.4,False,50.0,0.2857,522.0,0.3395,14.1929,F3,0.0026,0.0111
56,Nizamabad,Telangana,0.5652,1.5,False,50.0,0.6042,750.0,0.3291,8.0518,F6,0.0128,0.0893
57,Medak,Telangana,0.3774,13.8,False,49.0,0.3085,666.0,0.3069,7.0362,F6,0.0087,0.0527
58,Mahabubnagar,Telangana,0.3123,9.7,False,50.0,0.2759,619.0,0.2659,6.122,F6,0.0118,0.0755
59,Nalgonda,Telangana,0.0063,88.1,False,50.0,0.4622,540.0,0.2718,6.7113,F2,0.0075,0.0618
60,Warangal,Telangana,0.278,20.5,False,50.0,0.6372,739.0,0.2667,6.9465,F2,0.013,0.11
61,Khammam,Telangana,0.3179,18.3,False,50.0,0.4336,912.0,0.25,7.5224,F3,0.0193,0.2324
62,Karimnagar,Telangana,0.4496,7.8,False,50.0,0.7151,713.0,0.2838,6.4765,F6,0.0137,0.0871
63,Adilabad,Telangana,0.1731,43.7,False,50.0,0.1432,832.0,0.2763,6.509,F6,-0.0033,0.0099
65,Kolar,Karnataka,0.3173,24.6,False,50.0,0.2053,360.0,0.2701,6.2025,F1,0.0089,0.0364
66,Tumkur,Karnataka,0.2802,28.0,False,50.0,0.2879,280.0,0.2985,6.1911,F3,-0.002,0.0015
67,Mysore,Karnataka,0.1808,44.8,False,50.0,0.4111,461.0,0.2775,7.7042,F2,0.0035,0.0136
68,Mandya,Karnataka,0.1168,46.6,False,50.0,0.5828,253.0,0.3439,6.9302,F5,-0.0003,0.0002
69,Hassan,Karnataka,0.2053,21.3,False,50.0,0.269,439.0,0.2583,9.2079,F5,0.0007,0.0003
70,Shimoge,Karnataka,0.1073,51.1,False,50.0,0.6099,635.0,0.269,9.0633,F5,0.0095,0.1219
71,Chickmagalur,Karnataka,0.1819,26.5,False,50.0,0.1429,1868.0,0.1991,11.9638,F5,0.0047,0.0327
72,Chitradurga,Karnataka,0.2332,32.1,False,50.0,0.3227,328.0,0.3217,6.5386,F2,0.0026,0.0061
73,Bellary,Karnataka,0.0963,59.3,False,50.0,0.4392,281.0,0.2616,6.7276,F3,0.0079,0.0817
74,Dharwad,Karnataka,0.3268,44.0,False,50.0,0.206,492.0,0.2548,8.8326,F3,0.0022,0.0059
75,Belgaum,Karnataka,0.2561,20.9,False,50.0,0.591,1166.0,0.3011,7.1523,F3,0.0043,0.0344
76,Bijapur / Vijayapura,Karnataka,0.206,25.4,False,50.0,0.4091,367.0,0.303,6.3331,F3,0.0086,0.0584
77,Bidar,Karnataka,0.2975,29.5,False,50.0,0.1387,788.0,0.2619,5.1413,F6,0.0037,0.0115
78,Raichur,Karnataka,0.0675,54.9,False,50.0,0.3451,545.0,0.2952,5.7208,F4,0.0107,0.152
79,Gulbarga / Kalaburagi,Karnataka,0.2426,34.7,False,50.0,0.188,582.0,0.2703,4.8159,F6,0.0029,0.0074
80,Dakshina Kannada,Karnataka,0.0002,92.2,True,50.0,0.455,2885.0,0.1663,17.0623,F3,-0.0001,0.0001
81,Uttara Kannada,Karnataka,0.1553,34.3,False,50.0,0.2729,473.0,0.1616,12.1071,F6,0.0071,0.0976
82,Kodagu / Coorg,Karnataka,0.1093,34.0,False,50.0,0.0197,2776.0,0.1868,19.4763,F5,0.0022,0.0089
84,South Arcot / Cuddalore,Tamil Nadu,0.1239,64.2,False,49.0,0.6949,43.0,0.2797,5.9211,F5,-0.0013,0.0013
85,North Arcot / Vellore,Tamil Nadu,0.2295,63.8,False,49.0,0.6122,425.0,0.2733,5.8723,F3,0.0029,0.0063
86,Salem,Tamil Nadu,0.1074,70.1,False,49.0,0.4008,472.0,0.2182,6.9887,F5,0.0081,0.0441
87,Coimbatore,Tamil Nadu,0.1865,79.1,False,49.0,0.645,147.0,0.6434,11.5137,F3,-0.0015,0.0023
88,Tiruchirapalli / Trichy,Tamil Nadu,0.0984,76.1,False,49.0,0.494,288.0,0.3495,8.666,F5,0.0038,0.0135
89,Thanjavur,Tamil Nadu,-0.0144,94.0,False,49.0,0.8439,201.0,0.3087,8.7885,F5,0.003,0.0047
90,Madurai,Tamil Nadu,0.0498,84.3,False,49.0,0.5248,319.0,0.3229,8.8347,F5,0.0044,0.0144
91,Ramananthapuram,Tamil Nadu,0.0359,77.6,False,49.0,0.4758,113.0,0.4264,9.0467,F5,-0.0067,0.0072
92,Thirunelveli,Tamil Nadu,0.0812,70.5,False,49.0,0.442,56.0,0.422,8.3647,F5,0.0052,0.0168
93,The Nilgiris,Tamil Nadu,-0.0619,97.0,False,49.0,0.0073,554.0,0.2342,11.5449,F1,-0.0144,0.0258
96,Thane,Maharashtra,0.1286,84.7,False,48.0,0.0519,2504.0,0.213,5.461,F1,0.0132,0.2434
97,Raigad,Maharashtra,0.0601,83.6,False,48.0,0.0552,2457.0,0.1701,6.4915,F1,0.0058,0.1493
98,Ratnagiri,Maharashtra,0.1305,53.4,False,48.0,0.0727,2785.0,0.1712,9.2505,F2,0.0077,0.3195
99,Nasik,Maharashtra,0.3111,48.5,False,48.0,0.2133,468.0,0.2557,4.4538,F6,0.017,0.1522
100,Dhule,Maharashtra,0.3459,23.5,False,48.0,0.104,639.0,0.2803,3.3791,F6,0.0157,0.1183
101,Jalgaon,Maharashtra,0.3725,11.6,False,48.0,0.1706,738.0,0.2662,4.3972,F6,0.0042,0.0123
102,Ahmednagar,Maharashtra,0.4626,22.4,False,48.0,0.2523,506.0,0.294,4.7984,F6,0.0063,0.0166
103,Pune,Maharashtra,0.1849,76.9,False,48.0,0.2525,523.0,0.2657,7.7736,F6,-0.0022,0.0056
104,Satara,Maharashtra,0.2602,32.5,False,48.0,0.3341,862.0,0.2049,5.4599,F5,0.0031,0.0235
105,Sangli,Maharashtra,0.4818,8.6,False,48.0,0.2,358.0,0.3254,6.7679,F5,0.0017,0.0031
106,Solapur,Maharashtra,0.6241,6.7,False,48.0,0.2057,561.0,0.3175,5.3732,F6,-0.0047,0.0102
107,Kolhapur,Maharashtra,0.0687,58.2,False,48.0,0.2369,854.0,0.2203,6.6047,F1,0.0079,0.285
108,Aurangabad,Maharashtra,0.3764,26.9,False,48.0,0.2659,649.0,0.2608,4.6287,F6,0.0017,0.0014
109,Parbhani,Maharashtra,0.4216,10.1,False,48.0,0.1118,752.0,0.3565,3.6503,F6,0.0006,0.0002
110,Beed,Maharashtra,0.5365,4.5,False,48.0,0.2724,552.0,0.3269,3.8684,F6,-0.0033,0.0048
111,Nanded,Maharashtra,0.4447,22.8,False,48.0,0.0861,790.0,0.3446,3.9568,F6,-0.0014,0.0005
112,Osmanabad,Maharashtra,0.4934,3.0,False,47.0,0.1645,669.0,0.2958,4.2074,F6,0.0028,0.0018
113,Buldhana,Maharashtra,0.3331,17.2,False,48.0,0.0616,795.0,0.2496,4.0213,F6,0.0063,0.0164
114,Akola,Maharashtra,0.1145,62.3,False,48.0,0.0143,755.0,0.2689,5.4798,F6,0.0033,0.0048
115,Amarawati,Maharashtra,0.1157,57.8,False,48.0,0.0854,831.0,0.2316,5.2277,F6,0.006,0.0217
116,Yeotmal,Maharashtra,0.2097,31.0,False,34.0,0.061,1006.0,0.2537,4.3645,,,
117,Wardha,Maharashtra,0.0564,75.4,False,48.0,0.0708,996.0,0.2705,5.9196,F6,-0.0021,0.0027
118,Nagpur,Maharashtra,0.1259,81.3,False,48.0,0.201,1069.0,0.2144,7.4566,F6,0.0035,0.0079
119,Bhandara,Maharashtra,0.2117,42.5,False,48.0,0.529,1183.0,0.3718,4.9944,F2,0.0325,0.3459
120,Chandrapur,Maharashtra,0.2854,36.6,False,48.0,0.221,1300.0,0.2488,5.9806,F2,0.0206,0.2699
121,Ahmedabad,Gujarat,0.3697,71.6,False,48.0,0.4632,792.0,0.4143,11.4656,F2,0.0314,0.4287
122,Amreli,Gujarat,0.9051,5.2,False,48.0,0.2785,544.0,0.404,7.8062,F2,0.0514,0.1583
123,Banaskantha,Gujarat,0.6985,0.4,False,48.0,0.5143,625.0,0.5325,3.9288,F2,0.0374,0.3477
124,Bharuch,Gujarat,0.202,37.3,False,48.0,0.3402,923.0,0.377,9.5455,F4,0.0208,0.2405
125,Vadodara / Baroda,Gujarat,0.2645,63.4,False,48.0,0.4699,931.0,0.39,11.41,F2,0.0208,0.289
126,Bhavnagar,Gujarat,0.8718,6.3,False,48.0,0.4315,531.0,0.3861,6.7977,F2,0.0584,0.2279
127,Valsad,Gujarat,0.2313,46.3,False,48.0,0.5265,1521.0,0.2494,9.6826,F2,0.017,0.4047
128,Dangs,Gujarat,0.2332,16.8,False,48.0,0.0682,1107.0,0.3677,43.0593,F2,0.0051,0.009
129,Jamnagar,Gujarat,1.6032,7.1,False,48.0,0.3874,467.0,0.4831,9.3606,F2,0.065,0.1038
130,Junagadh,Gujarat,1.0201,4.1,False,46.0,0.4697,653.0,0.4248,7.6791,,,
131,Kheda,Gujarat,0.2995,19.8,False,48.0,0.8049,869.0,0.3857,9.006,F2,0.0217,0.3151
132,Kutch,Gujarat,0.6329,25.7,False,48.0,0.2779,320.0,0.6028,12.0963,F2,0.0336,0.2334
133,Mehsana,Gujarat,0.3409,23.9,False,48.0,0.5106,484.0,0.4716,8.4646,F2,0.0215,0.3656
134,Panchmahal,Gujarat,0.6035,9.3,False,48.0,0.2304,785.0,0.4363,4.3273,F2,0.0479,0.511
135,Rajkot,Gujarat,1.325,13.4,False,46.0,0.4018,628.0,0.4442,9.2547,,,
136,Sabarkantha,Gujarat,0.3667,15.3,False,48.0,0.4966,841.0,0.4059,6.6829,F2,0.0384,0.4776
137,Surat,Gujarat,0.0427,85.1,False,48.0,0.5233,1132.0,0.3899,6.0653,F3,0.0144,0.2391
138,Surendranagar,Gujarat,0.5748,1.9,False,48.0,0.3171,549.0,0.4273,7.4476,F2,0.0316,0.1784
139,Ajmer,Rajasthan,0.7107,14.2,False,50.0,0.2144,500.0,0.3339,5.2922,F2,0.0488,0.3079
140,Alwar,Rajasthan,0.1844,31.7,False,50.0,0.9052,654.0,0.3682,4.0771,F2,0.0143,0.2457
141,Banswara,Rajasthan,0.4049,26.1,False,40.0,0.446,894.0,0.3607,3.6135,,,
142,Barmer,Rajasthan,0.9508,1.1,False,48.0,0.1016,281.0,0.6453,3.2952,F2,0.1163,0.3161
143,Bharatpur,Rajasthan,0.1367,43.3,False,50.0,0.8167,650.0,0.29,3.2357,F4,0.0133,0.2578
144,Bhilwara,Rajasthan,0.5258,20.1,False,50.0,0.4115,611.0,0.2826,4.4965,F2,0.0295,0.3367
145,Bikaner,Rajasthan,0.4699,39.6,False,50.0,0.2004,264.0,0.3889,4.979,F2,0.0683,0.4004
146,Bundi,Rajasthan,0.1797,28.4,False,50.0,0.8334,710.0,0.3042,4.9509,F2,0.0097,0.1489
147,Chittorgarh,Rajasthan,0.2672,27.2,False,50.0,0.6158,826.0,0.2665,4.7631,F2,0.0208,0.3633
148,Churu,Rajasthan,1.0301,6.0,False,50.0,0.0798,287.0,0.4317,4.7805,F2,0.0733,0.356
149,Dungarpur,Rajasthan,0.5165,9.0,False,50.0,0.3054,677.0,0.3518,3.7665,F2,0.0329,0.3547
150,Ganganagar,Rajasthan,0.211,22.0,False,49.0,0.6181,232.0,0.407,5.2646,F2,0.0204,0.332
151,Jaipur,Rajasthan,0.1884,56.7,False,50.0,0.5379,576.0,0.349,5.3568,F2,0.0136,0.3286
152,Jaisalmer,Rajasthan,1.0905,0.0,False,48.0,0.1783,197.0,0.5803,4.5379,F2,0.1513,0.2906
153,Jalore,Rajasthan,0.7431,0.7,False,50.0,0.4176,855.0,0.5701,3.3028,F2,0.0663,0.4046
154,Jhalawar,Rajasthan,0.1635,29.9,False,50.0,0.7402,959.0,0.2973,3.9188,F3,0.0088,0.0494
155,Jhunjhunu,Rajasthan,0.5293,4.9,False,50.0,0.5452,356.0,0.3684,4.4828,F2,0.0322,0.2512
156,Jodhpur,Rajasthan,1.1776,3.7,False,50.0,0.2147,346.0,0.4637,3.9732,F2,0.099,0.3736
157,Kota,Rajasthan,0.1931,50.7,False,50.0,0.9029,788.0,0.2738,5.2052,F3,0.0093,0.0912
158,Nagaur,Rajasthan,0.5784,10.4,False,50.0,0.2055,358.0,0.4799,3.4132,F2,0.0449,0.2781
159,Pali,Rajasthan,0.666,3.4,False,50.0,0.1962,373.0,0.4342,5.6636,F2,0.0449,0.2966
163,Tonk,Rajasthan,0.3248,8.2,False,48.0,0.5295,643.0,0.3306,4.2988,F2,0.0174,0.2202
164,Udaipur,Rajasthan,0.4976,14.6,False,50.0,0.3963,611.0,0.333,4.3268,F2,0.0366,0.5374
165,Gurdaspur,Punjab,0.0199,80.6,False,50.0,0.8766,1109.0,0.3223,11.3518,F4,0.0028,0.0631
166,Amritsar,Punjab,0.0244,79.9,False,50.0,0.9529,475.0,0.4705,13.8548,F4,0.0046,0.1788
169,Hoshiarpur,Punjab,-0.0126,94.4,False,40.0,0.9249,1025.0,0.3553,16.9056,,,
170,Roopnagar / Ropar,Punjab,0.0017,90.7,False,45.0,0.9572,709.0,0.3794,17.1158,,,
171,Ludhiana,Punjab,-0.027,95.1,False,50.0,1.0,536.0,0.4121,16.2925,F4,0.0003,0.0004
172,Ferozpur,Punjab,0.0111,81.0,False,49.0,0.9536,409.0,0.6045,11.6084,F3,0.0001,0.0
174,Bhatinda,Punjab,-0.0581,98.5,False,50.0,0.9954,711.0,0.5854,12.1505,F4,0.0025,0.0299
175,Sangrur,Punjab,0.013,81.7,False,49.0,1.0188,603.0,0.5724,11.7066,F4,0.0027,0.0339
176,Patiala,Punjab,-0.0366,96.3,False,50.0,0.997,704.0,0.4339,15.8697,F3,-0.0001,0.0001
177,Hissar,Haryana,0.0522,75.0,False,50.0,0.7911,351.0,0.4706,8.3943,F4,0.0141,0.3917
180,Gurgaon,Haryana,0.0416,87.7,False,50.0,0.8032,410.0,0.4436,10.7402,F4,0.0067,0.1175
181,Jind,Haryana,0.0606,61.9,False,45.0,0.9572,488.0,0.5063,7.103,,,
182,Mahendragarh / Narnaul,Haryana,0.2838,33.2,False,49.0,0.6509,386.0,0.4815,8.3006,F2,0.0228,0.4235
183,Ambala,Haryana,0.1478,59.7,False,50.0,0.896,762.0,0.3222,13.7059,F3,0.0149,0.3727
184,Karnal,Haryana,0.0075,88.4,False,50.0,0.9932,573.0,0.3656,10.0695,F3,0.0067,0.1195
186,Rohtak,Haryana,0.0699,74.6,False,49.0,0.8704,419.0,0.4367,10.2491,F4,0.0055,0.1005
189,Saharanpur,Uttar Pradesh,0.0369,65.3,False,47.0,0.9325,963.0,0.4297,5.1374,F1,0.0068,0.3255
190,Muzaffarnagar,Uttar Pradesh,0.0522,66.8,False,44.0,0.8626,702.0,0.4661,5.7753,F1,0.0032,0.1216
191,Meerut,Uttar Pradesh,0.0395,64.9,False,47.0,0.895,699.0,0.4014,8.6308,F4,0.0041,0.2062
192,Buland Shahar,Uttar Pradesh,-0.0216,95.9,False,47.0,0.9109,627.0,0.4521,6.28,F5,0.0,0.0
194,Aligarh,Uttar Pradesh,0.0043,89.2,False,47.0,0.9805,664.0,0.3743,5.5988,F4,0.0044,0.0436
195,Mathura,Uttar Pradesh,-0.045,97.4,False,44.0,0.9842,610.0,0.3858,7.5063,F4,0.0043,0.0274
196,Agra,Uttar Pradesh,0.1208,47.8,False,47.0,0.917,685.0,0.3976,6.9816,F4,0.0135,0.3951
197,Mainpuri,Uttar Pradesh,0.0094,82.8,False,47.0,0.974,659.0,0.4361,4.3044,F4,0.0096,0.2232
198,Etah,Uttar Pradesh,0.0571,61.2,False,39.0,0.9289,649.0,0.3848,4.2881,,,
199,Bareilly,Uttar Pradesh,0.1193,49.6,False,47.0,0.9437,917.0,0.3422,5.8111,F4,0.0124,0.3929
200,Budaun,Uttar Pradesh,0.0249,66.0,False,40.0,0.8969,772.0,0.4073,3.9844,,,
201,Moradabad,Uttar Pradesh,0.0353,69.4,False,44.0,0.8529,798.0,0.3207,5.3462,F4,0.0081,0.2409
202,Shahjahanpur,Uttar Pradesh,0.0516,55.6,False,42.0,0.92,938.0,0.2922,5.1854,,,
203,Pilibhit,Uttar Pradesh,0.0021,89.6,False,40.0,0.9489,961.0,0.5487,4.8055,,,
204,Rampur,Uttar Pradesh,0.0109,86.9,False,39.0,0.9518,897.0,0.5843,5.3215,,,
205,Bijnor,Uttar Pradesh,0.037,72.8,False,46.0,0.8992,802.0,0.303,4.7058,F1,0.0076,0.332
206,Farrukhabad,Uttar Pradesh,0.0081,85.4,False,39.0,0.9192,771.0,0.3778,4.6417,,,
207,Etawah,Uttar Pradesh,0.0661,53.0,False,40.0,0.8718,473.0,0.4306,4.8998,,,
209,Fatehpur,Uttar Pradesh,0.1187,47.0,False,47.0,0.6902,780.0,0.483,4.6834,F4,0.0203,0.4477
210,Allahabad,Uttar Pradesh,0.0568,70.9,False,47.0,0.7632,905.0,0.3331,5.4872,F4,0.0184,0.4599
211,Jhansi,Uttar Pradesh,0.2184,38.1,False,46.0,0.7763,902.0,0.3593,6.009,F4,0.0163,0.1924
213,Jalaun,Uttar Pradesh,0.1686,37.7,False,43.0,0.6577,910.0,0.4161,5.7989,F5,0.0075,0.0315
214,Hamirpur,Uttar Pradesh,0.1802,35.4,False,43.0,0.4287,877.0,0.4225,5.5549,F4,0.0194,0.1784
215,Banda,Uttar Pradesh,0.2203,31.3,False,47.0,0.3968,874.0,0.3746,5.2631,F4,0.0285,0.2815
216,Varanasi,Uttar Pradesh,0.1469,65.7,False,47.0,0.9102,966.0,0.2991,6.1461,F1,0.0237,0.5091
217,Mirzpur,Uttar Pradesh,0.0505,73.5,False,44.0,0.4489,983.0,0.3623,4.9524,F1,0.0338,0.4567
218,Jaunpur,Uttar Pradesh,0.0273,78.7,False,44.0,0.8801,958.0,0.4359,4.7795,,,
219,Ghazipur,Uttar Pradesh,0.0827,59.0,False,44.0,0.8315,890.0,0.4694,4.9913,F1,0.0164,0.3575
220,Ballia,Uttar Pradesh,0.038,73.9,False,45.0,0.8055,954.0,0.4268,4.8615,F4,0.0105,0.1647
221,Gorakhpur,Uttar Pradesh,0.0715,68.3,False,47.0,0.8408,1096.0,0.3542,4.8726,F4,0.0107,0.2464
222,Deoria,Uttar Pradesh,0.0363,78.0,False,44.0,0.8386,1051.0,0.4865,5.56,,,
223,Basti,Uttar Pradesh,0.0182,86.6,False,39.0,0.7814,1072.0,0.4366,4.1846,,,
224,Azamgarh,Uttar Pradesh,0.0001,91.8,False,44.0,0.9431,928.0,0.4589,4.742,,,
225,Lucknow,Uttar Pradesh,0.1194,87.3,False,47.0,0.9256,877.0,0.4479,12.6998,F4,0.0137,0.4369
226,Unnao,Uttar Pradesh,0.0213,78.4,False,38.0,0.9371,828.0,0.4498,4.5104,,,
227,Rae-Bareily,Uttar Pradesh,0.042,64.6,False,41.0,0.8704,872.0,0.5075,5.7553,,,
228,Sitapur,Uttar Pradesh,0.1465,35.8,False,44.0,0.8745,938.0,0.3288,4.3488,,,
229,Hardoi,Uttar Pradesh,0.0876,44.4,False,47.0,0.8967,969.0,0.3841,3.9337,F4,0.0118,0.3082
230,Kheri,Uttar Pradesh,0.0303,76.5,False,47.0,0.8597,927.0,0.3488,4.1977,F1,0.0116,0.4407
231,Faizabad,Uttar Pradesh,0.0519,66.4,False,44.0,0.9191,1028.0,0.4147,4.4322,,,
232,Gonda,Uttar Pradesh,0.0369,69.8,False,47.0,0.6575,1133.0,0.4201,3.9766,F4,0.0129,0.2941
233,Bahraich,Uttar Pradesh,0.0418,71.3,False,47.0,0.5236,998.0,0.2964,3.9478,F4,0.017,0.5102
234,Sultanpur,Uttar Pradesh,0.0686,57.1,False,41.0,0.8238,984.0,0.3785,4.8695,,,
235,Pratapgarh,Uttar Pradesh,0.0958,56.3,False,39.0,0.8804,919.0,0.4802,4.9359,,,
236,Barabanki,Uttar Pradesh,0.0799,52.2,False,44.0,0.8993,953.0,0.4216,5.3363,,,
237,Nainital,Uttarakhand,0.0879,73.1,False,44.0,0.888,1010.0,0.3033,8.2453,,,
239,Pithorgarh,Uttarakhand,0.1486,51.5,False,33.0,0.0928,966.0,0.3133,10.093,,,
240,Chamoli,Uttarakhand,0.1355,57.5,False,32.0,0.0759,965.0,0.3265,9.2812,,,
241,Uttar Kashi,Uttarakhand,-0.1129,99.3,True,32.0,0.1646,1404.0,0.353,7.9776,,,
242,Tehri Garhwal,Uttarakhand,0.1206,61.6,False,33.0,0.1357,1318.0,0.3169,10.9598,,,
243,Garhwal,Uttarakhand,-0.192,99.6,False,30.0,0.1,1124.0,0.4299,15.3991,,,
244,Dehradun,Uttarakhand,0.0235,80.2,True,44.0,0.4773,1981.0,0.3218,12.6521,,,
601,Cachar,Assam,-0.0169,95.5,True,49.0,0.0527,2039.0,0.2617,4.3284,F3,0.0056,0.0491
602,Darrang,Assam,-0.058,98.9,True,44.0,0.134,1444.0,0.3179,4.0382,,,
603,Dibrugarh,Assam,0.0288,75.7,True,44.0,0.0144,1766.0,0.2007,6.6141,,,
604,Goalpara,Assam,-0.0609,98.1,True,45.0,0.0751,2155.0,0.4372,2.9809,,,
605,Kamrup,Assam,0.0472,82.5,True,43.0,0.0867,1519.0,0.377,6.3432,,,
606,Karbi Anglong,Assam,0.0537,55.2,False,36.0,0.1029,1995.0,0.4224,5.6118,,,
607,Lakhimpur,Assam,-0.0556,97.8,True,49.0,0.0519,1766.0,0.2351,4.031,F1,0.0128,0.1171
608,North Cachar Hil / Dima hasao,Assam,0.3866,16.0,False,37.0,0.0529,1995.0,1.0346,7.8364,,,
609,Nagaon,Assam,0.0943,51.9,False,47.0,0.1408,1196.0,0.2975,3.4469,F1,0.0089,0.0739
610,Sibsagar,Assam,-0.007,93.3,True,41.0,0.023,1410.0,0.264,6.0218,,,
626,Bilashpur,Himachal Pradesh,0.1452,54.5,False,50.0,0.1258,899.0,0.3525,29.7713,F4,0.0148,0.0341
627,Chamba,Himachal Pradesh,0.3871,11.2,False,50.0,0.0987,880.0,0.3855,23.6958,F4,0.0202,0.0806
629,Kangra,Himachal Pradesh,0.0538,68.7,False,50.0,0.2621,1468.0,0.3177,30.7204,F4,0.0179,0.044
630,Kinnaur,Himachal Pradesh,0.0965,74.3,False,50.0,0.6309,183.0,0.5296,56.0424,F4,0.0065,0.0168
631,Kullu,Himachal Pradesh,0.2176,41.4,False,50.0,0.0662,590.0,0.4382,47.4994,F2,0.017,0.0852
632,Lahul & Spiti,Himachal Pradesh,0.0318,83.2,False,45.0,0.9768,455.0,0.637,50.2444,,,
633,Solan,Himachal Pradesh,0.0568,79.5,False,50.0,0.3172,1038.0,0.3275,115.9705,F2,0.0245,0.1335
634,Mandi,Himachal Pradesh,0.0344,72.0,False,50.0,0.1442,1140.0,0.2971,30.2495,F4,0.016,0.0379
635,Shimla,Himachal Pradesh,0.0017,91.0,False,50.0,0.0342,719.0,0.2743,80.2026,F4,0.0156,0.039
636,Sirmaur,Himachal Pradesh,-0.0348,96.6,True,50.0,0.358,1404.0,0.2711,45.6994,F4,0.0149,0.0495
651,Alappuzha,Kerala,-0.0158,92.9,True,50.0,0.4536,1782.0,0.1996,11.3733,F3,0.0024,0.0089
652,Kannur,Kerala,0.0047,89.9,True,50.0,0.1965,2795.0,0.2045,9.6654,F1,0.0011,0.0098
653,Eranakulam,Kerala,0.0557,85.8,False,50.0,0.1807,2200.0,0.1992,17.1509,F6,-0.0059,0.0466
655,Kottayam,Kerala,-0.022,94.8,True,50.0,0.1146,2022.0,0.2245,13.5582,F1,0.0043,0.0233
656,Kozhikode,Kerala,0.0194,88.8,True,50.0,0.0607,2763.0,0.2213,8.9871,F4,0.0043,0.0508
657,Malappuram,Kerala,0.0373,82.1,True,38.0,0.1555,2089.0,0.2657,6.7592,,,
658,Palakkad,Kerala,0.09,69.0,False,50.0,0.4349,1624.0,0.2415,9.5376,F5,-0.0006,0.0014
659,Kollam,Kerala,0.0275,84.0,True,50.0,0.0459,1400.0,0.2339,12.8105,F6,0.005,0.0278
660,Thrissur,Kerala,-0.0119,92.5,True,49.0,0.5354,2228.0,0.2131,14.0331,F3,0.0011,0.0029
661,Thiruvananthapuram,Kerala,0.0374,86.2,False,50.0,0.0532,983.0,0.3295,12.328,F5,0.0026,0.0131
701,Balasore,Orissa,0.0845,60.4,False,48.0,0.5531,1174.0,0.2427,5.9285,F6,0.0034,0.0138
702,Bolangir,Orissa,0.3491,23.1,False,50.0,0.2812,1397.0,0.2674,5.5883,F1,0.0254,0.2897
703,Cuttack,Orissa,0.064,77.2,False,50.0,0.5445,1187.0,0.206,7.6469,F5,0.0036,0.0107
704,Dhenkanal,Orissa,0.2478,38.4,False,46.0,0.3186,1151.0,0.1758,7.4798,,,
705,Ganjam,Orissa,0.2705,40.3,False,50.0,0.5354,719.0,0.1849,7.0949,F2,0.0119,0.0598
706,Kalahandi,Orissa,0.3087,17.5,False,48.0,0.3233,1227.0,0.2917,5.9207,F4,0.0231,0.3227
707,Keonjhar,Orissa,0.2438,45.1,False,30.0,0.2716,1075.0,0.2111,7.3194,,,
708,Koraput,Orissa,0.0772,58.6,False,50.0,0.2749,1370.0,0.2156,4.8395,F1,0.0174,0.4472
709,Mayurbhanja,Orissa,0.2434,24.3,False,49.0,0.3074,863.0,0.2007,6.841,F5,0.0051,0.0282
710,Phulbani ( Kandhamal ),Orissa,0.3773,17.9,False,50.0,0.3412,989.0,0.2504,6.1102,F2,0.0281,0.3002
711,Puri,Orissa,0.1276,56.0,False,50.0,0.5151,997.0,0.2443,10.9552,F5,0.0059,0.0274
712,Sambalpur,Orissa,0.2133,42.2,False,50.0,0.3851,1580.0,0.2111,8.0944,F1,0.0208,0.3325
713,Sundargarh,Orissa,0.3324,48.9,False,50.0,0.2456,1283.0,0.1943,7.8101,F1,0.0241,0.3349
